# {"t_start": 1595243537.5882416, "env_id": "MultiAgent-v0"} 
r,l,t,r0,r1,r2,r3,r4,r5,r6
-88.96449072479598,100,5.835121,14.848175295068604,24.24608217331592,-0.9505550965249706,-1.2216978200172,-74.00978222164831,-11.858550075627283,-40.01816297936275
59.89013437970452,100,8.940986,-12.484862160369728,5.365263774581492,-12.244213990959357,-8.955787505780497,36.87224566329998,17.173753120920477,34.16373547801216
