# {"t_start": 1595243537.6827805, "env_id": "MultiAgent-v0"} 
r,l,t,r0,r1,r2,r3,r4,r5,r6
-40.791896450283815,100,5.741244,2.1504310087502194,-9.018905786562536,-6.373734427690961,-11.123919555626749,-0.6804583880966936,-15.232432099033636,-0.5128772020234574
-85.0446946899884,100,8.846443,18.50971514658052,18.341446243493465,7.996593733411378,-3.161403353043716,-84.31734304705287,-3.495445373067574,-38.9182580403096
