# {"t_start": 1595243537.5118144, "env_id": "MultiAgent-v0"} 
r,l,t,r0,r1,r2,r3,r4,r5,r6
-61.13320895616283,100,5.906121,36.096712440501115,18.196993549145553,-4.490883374811936,-2.4981253270403547,-83.38280092242712,-29.04987269260843,3.9947673710783547
4.872077871339727,100,9.011432,-2.2190700568415953,1.868151408816569,-6.032161160355781,-5.513204595637064,-9.743031726668592,13.37838693267262,13.133007069353573
