# {"t_start": 1595243537.3673775, "env_id": "MultiAgent-v0"} 
r,l,t,r0,r1,r2,r3,r4,r5,r6
0.19810903655326406,100,6.050495,-5.661925716996304,1.5152830592980158,-3.4809299201307464,-9.37044152607154,8.955288824841539,-1.9191901054233176,10.160024421035617
-55.711829377890254,100,9.162334,2.0062617119125656,0.841719087099191,-8.035449338351404,10.171291097194512,-23.174431228450015,-33.26969397848955,-4.251526728805562
