# {"t_start": 1595243537.2154853, "env_id": "MultiAgent-v0"} 
r,l,t,r0,r1,r2,r3,r4,r5,r6
-121.62333936211873,100,6.203192,59.95812597369035,-3.261423648001109,-6.007750923911066,24.143442694449572,-129.9847634157613,-35.061396858230864,-31.409573184354304
-85.71210217975978,100,9.303005,47.16692717094754,-2.896642705362836,0.37441683057178177,5.476250649719211,-77.099591404582,-41.643575742459504,-17.089886978593977
