# {"t_start": 1595243537.3412266, "env_id": "MultiAgent-v0"} 
r,l,t,r0,r1,r2,r3,r4,r5,r6
-75.28781489083246,100,6.082475,-8.514797900999367,8.788490587425908,-2.460727642376329,-10.74530555536949,-8.280679974580197,-47.16535542580014,-6.909438979132846
-21.14084059093245,100,9.180084,0.1861340843796394,-0.7260304042679167,1.7394800075625596,0.6481392190700124,-13.793923007427129,6.620869225263842,-15.815509715513455
