# {"t_start": 1595243537.7356718, "env_id": "MultiAgent-v0"} 
r,l,t,r0,r1,r2,r3,r4,r5,r6
-27.774702585247425,100,5.688744,42.92643044990668,-0.5583269567934561,-4.019223734581001,-3.1651314570881524,-62.87514666529154,3.1168354955439685,-3.200139716943923
-53.808781091180165,100,8.783504,6.689732860283643,-5.879181062873296,4.871594741582242,-4.209272874732961,-23.40833611169309,-15.342807680143796,-16.53051096360291
