# {"t_start": 1595243537.3302302, "env_id": "MultiAgent-v0"} 
r,l,t,r0,r1,r2,r3,r4,r5,r6
-71.58634329521765,100,6.085519,3.7284219018080105,7.691641740566953,13.661544832510295,-6.023543175646647,-34.16915990567534,-13.677602703151713,-42.7976459856292
-111.33840384655042,100,9.191982,25.41813154993918,27.558194867784316,-1.615575125404927,-7.748689389653599,-73.71309336998694,-69.89376243127334,-11.343609947955118
