# {"t_start": 1595243537.5882814, "env_id": "MultiAgent-v0"} 
r,l,t,r0,r1,r2,r3,r4,r5,r6
27.49688753314077,100,5.827982,-0.050798272323350574,-2.8719814010868867,-2.468912755713413,15.46937838956079,24.992379634130103,-32.068183028859416,24.495004967432948
-60.59163834177468,100,8.930952,19.01899021376407,-4.860686782406441,-4.679067961444056,5.779500868208539,-42.41911694288305,-9.1791612695528,-24.252096467460948
