# {"t_start": 1595243537.261323, "env_id": "MultiAgent-v0"} 
r,l,t,r0,r1,r2,r3,r4,r5,r6
-11.245574702767934,100,6.156346,10.43511675532505,4.03087772866489,8.215328544251395,-3.5335786473418076,-36.58370736241133,-4.902883746366597,11.09327202511047
4.318579823432832,100,9.268977,-4.178411317293809,-4.26458232648978,-3.2781899849457443,-3.3291961955975444,6.456283249144635,5.905043072505375,7.007633326109699
